{"cameraMode":{"drawMode":0,"name":"Shaded","section":"Shading Mode"},"sceneLighting":false,"audioPlay":false,"sceneViewState":{"showFog":true,"showMaterialUpdate":false,"showSkybox":false,"showFlares":true,"showImageEffects":true,"showParticleSystems":true},"in2DMode":false,"pivot":{"x":2.9802322387695315e-8,"y":1.0,"z":-5.960464477539063e-8},"rotation":{"x":0.15555547177791596,"y":-0.16365717351436616,"z":0.026141943410038949,"w":0.9738267064094544},"size":7.761719703674316,"orthographic":false}